user_id,show_title,genre,watch_time,rating,date
U0103,Show_GJDSM,Documentary,1.6,1.3,10-01-2024
U0180,Show_LHAMR,Romance,5.27,2.5,07-03-2024
U0093,Show_GTUXL,Comedy,3.97,1.9,31-05-2024
U0015,Show_EFNZI,Drama,4.4,1.8,05-01-2024
U0107,Show_QGWOM,Comedy,0.03,1.6,27-01-2024
U0072,Show_HOAGW,Romance,1.61,3.5,22-04-2024
U0189,Show_FBECI,Thriller,1.97,4.1,15-01-2024
U0021,Show_IRKAL,Thriller,0.06,3.3,11-06-2024
U0103,Show_VCNFE,Romance,0.9,1.6,14-04-2024
U0122,Show_QHQYI,Documentary,4.28,4.2,13-02-2024
U0075,Show_EVGSB,Sci-Fi,0.44,3.5,26-01-2024
U0088,Show_RQPHA,Sci-Fi,2.3,2.6,23-06-2024
U0117,Show_PYCJI,Documentary,0.73,3.7,10-06-2024
U0100,Show_NARZA,Thriller,0.04,2,04-04-2024
U0104,Show_PYCJI,Thriller,0.83,2.4,26-06-2024
U0152,Show_DUUGX,Thriller,11.17,4.7,24-03-2024
U0131,Show_QRMOJ,Comedy,4.85,2.2,19-05-2024
U0150,Show_FBECI,Thriller,9.63,2.9,11-05-2024
U0053,Show_STOOC,Action,2.01,4.6,27-03-2024
U0002,Show_MYOQZ,Drama,0.35,3.8,24-06-2024
U0088,Show_KIHHV,Thriller,2.38,1.2,21-04-2024
U0158,Show_SUXAW,Documentary,1.82,1.6,08-05-2024
U0038,Show_QRMOJ,Drama,5.58,1,29-03-2024
U0130,Show_QRMOJ,Comedy,0.31,3.5,06-03-2024
U0192,Show_ONNIC,Documentary,2.01,2.8,06-06-2024
U0188,Show_CKTKX,Drama,0.49,1.5,10-05-2024
U0021,Show_JWWNS,Documentary,1.18,4.8,01-05-2024
U0161,Show_IRPOE,Comedy,4.01,3.1,28-05-2024
U0058,Show_XQMNJ,Action,1.94,2,24-03-2024
U0022,Show_IYQCS,Comedy,1.41,3,25-06-2024
U0089,Show_IYQCS,Comedy,1.5,3.7,25-04-2024
U0049,Show_IRPOE,Documentary,1.85,1.3,25-04-2024
U0059,Show_OLNPK,Romance,4.61,2.1,07-02-2024
U0170,Show_ALFMB,Sci-Fi,6.68,4.2,22-05-2024
U0188,Show_FNKDY,Thriller,9.33,2.8,19-04-2024
U0015,Show_LVLGJ,Thriller,4.64,3.2,28-06-2024
U0190,Show_ONNIC,Action,1.14,2.7,15-02-2024
U0190,Show_SINZX,Action,3.5,1.2,25-01-2024
U0175,Show_PAYZN,Thriller,1.73,1.7,21-01-2024
U0190,Show_NNZNG,Sci-Fi,0.88,2.8,30-04-2024
U0051,Show_GJDSM,Thriller,5.51,1.8,01-05-2024
U0108,Show_FBECI,Romance,0.12,1.2,12-05-2024
U0055,Show_MUKQY,Sci-Fi,6.96,4.4,10-03-2024
U0064,Show_ALFMB,Action,1.86,4.9,22-04-2024
U0131,Show_OLNPK,Drama,3.04,4.2,16-04-2024
U0051,Show_IRKAL,Documentary,3.23,4.4,21-04-2024
U0135,Show_CRBAD,Romance,6.76,2,17-04-2024
U0021,Show_OJZTM,Romance,3.04,4.8,16-02-2024
U0073,Show_HNZVN,Action,2.86,1.8,31-03-2024
U0167,Show_XQMNJ,Action,0.21,4.8,18-01-2024
U0018,Show_JWWNS,Comedy,2.19,5,28-05-2024
U0132,Show_KEOWK,Romance,0.49,3.8,13-04-2024
U0089,Show_IRKAL,Comedy,4.01,4.9,30-05-2024
U0060,Show_UONCJ,Comedy,2.15,3.3,09-02-2024
U0014,Show_LHAMR,Documentary,3.42,2,17-05-2024
U0009,Show_IRPOE,Comedy,0.13,2.7,29-03-2024
U0090,Show_XGMJB,Sci-Fi,0.27,3.4,28-06-2024
U0053,Show_DZGKY,Thriller,3.78,1.3,01-03-2024
U0130,Show_FUNAL,Drama,0.22,3.5,05-01-2024
U0084,Show_IYQCS,Action,0.22,4.9,01-05-2024
U0092,Show_QCTRU,Sci-Fi,0.04,1.8,24-02-2024
U0111,Show_CRBAD,Drama,9.41,4.2,06-02-2024
U0188,Show_KEOWK,Romance,4.01,4.6,25-02-2024
U0199,Show_XQMNJ,Romance,1.31,4.8,11-04-2024
U0172,Show_PFHHT,Romance,1.06,4.8,02-04-2024
U0008,Show_QHQYI,Sci-Fi,1.29,3.1,13-03-2024
U0175,Show_FUNAL,Sci-Fi,4.47,4.9,28-02-2024
U0035,Show_PDRSF,Action,3.25,4,02-01-2024
U0081,Show_PRVCU,Thriller,0.61,1.6,13-04-2024
U0164,Show_QZJRS,Comedy,0.57,2.9,20-02-2024
U0050,Show_QRMOJ,Romance,0.31,3.9,30-01-2024
U0104,Show_QHQYI,Documentary,3.24,2,11-01-2024
U0132,Show_UONCJ,Thriller,4.34,3.6,17-04-2024
U0002,Show_QOLZF,Documentary,0.92,3.7,16-03-2024
U0134,Show_XPXYR,Action,0.06,1.7,15-06-2024
U0054,Show_OJZTM,Action,0.26,3.3,30-03-2024
U0106,Show_WJKFT,Action,10.31,4.1,02-05-2024
U0004,Show_YEFTW,Drama,1.05,3,04-05-2024
U0054,Show_LHAMR,Documentary,4.4,1,01-05-2024
U0191,Show_ICWBZ,Thriller,2.94,1,03-04-2024
U0146,Show_XKFEO,Thriller,1.44,2.4,12-04-2024
U0044,Show_TYOQW,Sci-Fi,0.69,4.7,10-06-2024
U0162,Show_WUUOW,Sci-Fi,0.39,1.9,31-01-2024
U0190,Show_XVWQL,Romance,2.86,3.5,21-02-2024
U0014,Show_EVGSB,Sci-Fi,4.47,1.9,29-03-2024
U0095,Show_YLHXF,Action,3.1,2.3,16-03-2024
U0048,Show_VWCLJ,Thriller,2.27,4.4,08-05-2024
U0015,Show_MTNEQ,Documentary,0.13,3.9,22-01-2024
U0200,Show_YQTNM,Action,10.37,1.4,09-02-2024
U0190,Show_MUSQM,Drama,4.81,2.7,10-04-2024
U0040,Show_EHGMS,Sci-Fi,1.04,1.1,20-04-2024
U0082,Show_SINZX,Action,11.73,2.9,08-05-2024
U0111,Show_STOOC,Action,2.76,3.6,05-03-2024
U0053,Show_IRKAL,Drama,2.62,1.5,18-06-2024
U0024,Show_DOATH,Comedy,4.14,2.2,28-05-2024
U0154,Show_XGMJB,Thriller,5.01,2.6,19-03-2024
U0188,Show_GYJDD,Documentary,3.21,4.7,22-01-2024
U0124,Show_QZJRS,Romance,0.41,5,14-06-2024
U0041,Show_WBLQN,Comedy,1.24,1.2,08-04-2024
U0157,Show_GYJDD,Sci-Fi,7.9,4,08-01-2024
U0015,Show_PRVCU,Action,0.76,2.5,23-06-2024
U0045,Show_ELCVV,Drama,1.4,2.6,17-01-2024
U0065,Show_ZFHJY,Drama,1.7,4,17-01-2024
U0089,Show_GJDSM,Thriller,1.74,4.7,30-03-2024
U0071,Show_ELCVV,Comedy,2.85,4.8,20-05-2024
U0009,Show_OJZTM,Romance,8.6,3.3,24-05-2024
U0088,Show_CGKZV,Thriller,0.83,2.4,14-06-2024
U0129,Show_KYTQN,Action,0.39,4.2,21-03-2024
U0136,Show_FBECI,Thriller,0.66,2,18-03-2024
U0063,Show_XSNHE,Documentary,6.54,3.3,21-06-2024
U0139,Show_UXUNY,Drama,3.11,2.4,06-01-2024
U0081,Show_LVLGJ,Drama,1.01,3.6,11-06-2024
U0136,Show_XQMNJ,Sci-Fi,5.08,2,19-04-2024
U0163,Show_MPXYM,Sci-Fi,5.93,1.8,14-01-2024
U0163,Show_ALFMB,Romance,5.62,4.7,12-03-2024
U0033,Show_YLHXF,Action,7.54,1.4,22-05-2024
U0123,Show_ONNIC,Documentary,0.87,3,23-02-2024
U0005,Show_TSXWT,Comedy,4.22,1.9,27-01-2024
U0041,Show_IRPOE,Thriller,1.85,1.2,13-01-2024
U0028,Show_OLNPK,Romance,5.54,1.1,07-06-2024
U0135,Show_OPBNH,Action,3.91,1.7,11-06-2024
U0072,Show_DVSYM,Sci-Fi,4.49,4.5,29-02-2024
U0012,Show_IYQCS,Thriller,3.2,2.1,06-01-2024
U0162,Show_SZNRG,Sci-Fi,0.59,4.8,27-02-2024
U0033,Show_GTUXL,Thriller,2.36,3.3,18-02-2024
U0048,Show_DOATH,Comedy,12.53,2.7,30-05-2024
U0151,Show_MHODL,Action,8.31,3.3,10-06-2024
U0062,Show_WGIOD,Thriller,0.13,3.1,26-01-2024
U0037,Show_XGMJB,Documentary,0.54,4,16-02-2024
U0099,Show_XQMNJ,Romance,0.42,2.1,05-01-2024
U0172,Show_LVLGJ,Drama,3.88,2.4,20-01-2024
U0104,Show_TTZBB,Documentary,5.11,4.6,13-05-2024
U0035,Show_DMYDN,Documentary,0.72,4.8,28-02-2024
U0193,Show_DGWQS,Romance,2.11,4.6,25-05-2024
U0101,Show_TSXWT,Drama,5.51,2.7,11-05-2024
U0175,Show_TYOQW,Documentary,3.96,4.1,17-01-2024
U0131,Show_GJDSM,Thriller,2.34,2.9,14-01-2024
U0001,Show_EVGSB,Thriller,2.68,3,13-01-2024
U0005,Show_KIHHV,Thriller,2.13,1.8,14-05-2024
U0142,Show_SZNRG,Drama,1.06,3.4,07-05-2024
U0103,Show_EVGSB,Documentary,2.5,1.7,13-02-2024
U0027,Show_NHTUO,Drama,3.5,2.3,28-04-2024
U0137,Show_KGDBZ,Thriller,6.2,4.4,22-05-2024
U0015,Show_MTNEQ,Romance,3.03,1.8,19-01-2024
U0090,Show_CPSPQ,Documentary,4.3,1.3,03-03-2024
U0042,Show_FBECI,Documentary,0.52,1.3,11-06-2024
U0124,Show_XVWQL,Sci-Fi,1.86,4.8,21-03-2024
U0179,Show_SZNRG,Sci-Fi,0.03,3,11-06-2024
U0063,Show_FRDWY,Comedy,0.85,2.6,26-05-2024
U0096,Show_TSXWT,Action,3.89,4.2,27-05-2024
U0052,Show_UTXGE,Sci-Fi,14.41,4.3,09-04-2024
U0096,Show_VWCLJ,Drama,0.31,2.3,11-06-2024
U0132,Show_QZJRS,Sci-Fi,1.54,3.8,08-06-2024
U0151,Show_EFNZI,Comedy,4.83,4.1,01-05-2024
U0143,Show_MHODL,Documentary,0.68,3.6,24-06-2024
U0171,Show_QHQYI,Comedy,2.43,1.6,13-02-2024
U0029,Show_IYQCS,Documentary,3.96,4.5,13-04-2024
U0036,Show_JWWNS,Romance,2.87,3.2,31-05-2024
U0013,Show_HJVDN,Romance,0.62,2.1,01-03-2024
U0160,Show_DUUGX,Documentary,1.32,2.7,04-05-2024
U0071,Show_QGWOM,Action,4.59,1.2,24-05-2024
U0187,Show_HJVDN,Sci-Fi,2.42,1.5,11-03-2024
U0086,Show_PFGAG,Drama,0.02,4.1,16-04-2024
U0028,Show_GJDSM,Drama,4.29,1,19-02-2024
U0066,Show_KGDBZ,Thriller,0.11,2.7,05-03-2024
U0170,Show_MCMRP,Documentary,4.11,3.1,08-04-2024
U0045,Show_MFVXR,Drama,0.68,1.2,01-02-2024
U0062,Show_XVWQL,Action,9.52,4.9,12-06-2024
U0185,Show_MBKKS,Documentary,1.38,1.9,20-05-2024
U0134,Show_FUNAL,Action,1.19,2.2,27-02-2024
U0028,Show_YLHXF,Drama,0.48,2.2,07-05-2024
U0028,Show_WJKFT,Drama,1.09,1.9,21-05-2024
U0108,Show_WBLQN,Thriller,6.28,1,13-06-2024
U0044,Show_KYTQN,Drama,16.83,3.9,21-04-2024
U0084,Show_MPXYM,Documentary,1.38,4.9,08-03-2024
U0030,Show_WJKFT,Romance,1.79,1.9,09-02-2024
U0190,Show_NAZZO,Documentary,3.84,3.7,23-05-2024
U0075,Show_UXUNY,Documentary,6.52,4,11-05-2024
U0128,Show_WJKFT,Thriller,2.7,4.4,21-06-2024
U0092,Show_MWPKI,Thriller,1.49,2.7,30-03-2024
U0190,Show_ONNIC,Drama,1.6,2.2,28-01-2024
U0129,Show_CRBAD,Comedy,3.57,2.3,05-04-2024
U0121,Show_MHODL,Comedy,0.01,3.9,31-01-2024
U0027,Show_MYOQZ,Thriller,2.9,4.3,03-01-2024
U0190,Show_MFVXR,Drama,1.32,1.7,15-05-2024
U0121,Show_MFVXR,Comedy,4.74,2.5,24-01-2024
U0116,Show_FUNAL,Drama,0.29,4.6,15-01-2024
U0003,Show_MCMRP,Drama,2.66,4.2,19-06-2024
U0103,Show_FUNAL,Drama,1.97,4.9,07-06-2024
U0198,Show_QRMOJ,Sci-Fi,3.08,4,14-02-2024
U0200,Show_IRKAL,Documentary,0.2,2.6,08-01-2024
U0155,Show_OJPLU,Drama,2.6,3.4,11-03-2024
U0137,Show_EACLB,Sci-Fi,2.47,3.6,17-04-2024
U0062,Show_FUNAL,Thriller,2.47,1.3,24-04-2024
U0165,Show_KGDBZ,Comedy,2.78,3.2,12-04-2024
U0051,Show_QGWOM,Documentary,3.39,3.8,04-05-2024
U0172,Show_EVGSB,Romance,4.9,1.7,26-02-2024
U0152,Show_TEBUJ,Comedy,0.94,4.1,30-01-2024
U0059,Show_MPXYM,Documentary,5.23,3.3,25-05-2024
U0118,Show_MWPKI,Romance,2.07,4.8,23-04-2024
U0160,Show_YCZOF,Comedy,0.24,1.2,26-04-2024
U0096,Show_STOOC,Documentary,0.18,2.1,15-06-2024
U0180,Show_TEBUJ,Comedy,1.22,3.4,29-02-2024
U0113,Show_IRPOE,Comedy,4.61,2.2,07-04-2024
U0062,Show_UVHDI,Romance,3.69,3.9,19-06-2024
U0186,Show_XCYAQ,Comedy,4.66,4,05-05-2024
U0052,Show_MUKQY,Comedy,2.18,1.4,21-06-2024
U0012,Show_YCZOF,Romance,1.74,3.1,30-05-2024
U0039,Show_YLHXF,Thriller,0.48,3,03-04-2024
U0130,Show_QCTRU,Drama,1.19,2.5,13-05-2024
U0131,Show_WJKFT,Action,1.71,4.7,01-05-2024
U0113,Show_FBECI,Sci-Fi,0.28,4.3,17-04-2024
U0101,Show_XCYAQ,Action,0.75,3.8,04-01-2024
U0113,Show_FNKDY,Action,2.74,3.9,02-04-2024
U0184,Show_STOOC,Documentary,3.99,2.8,30-05-2024
U0081,Show_QOLZF,Drama,19.22,4.7,06-01-2024
U0187,Show_JOKNS,Documentary,8.11,3.8,01-02-2024
U0113,Show_CRBAD,Drama,3.09,3.9,15-04-2024
U0002,Show_GYJDD,Romance,1.64,4.4,25-05-2024
U0130,Show_QZJRS,Romance,3.03,2.1,15-01-2024
U0054,Show_JUSJS,Drama,4.62,4.2,16-06-2024
U0087,Show_WJKFT,Comedy,0.38,1.8,01-05-2024
U0129,Show_UONCJ,Thriller,1.58,2.4,05-04-2024
U0147,Show_YLHXF,Comedy,5.49,2.3,06-01-2024
U0126,Show_ZFHJY,Thriller,1.45,4.9,21-04-2024
U0130,Show_NNZNG,Documentary,2.55,4.4,29-04-2024
U0053,Show_XKFEO,Thriller,2.66,3.8,02-05-2024
U0172,Show_YQTNM,Documentary,0.61,3.9,07-03-2024
U0160,Show_DUUGX,Romance,1.35,3.2,15-04-2024
U0198,Show_QUNPI,Action,1.22,4.8,18-05-2024
U0160,Show_VCNFE,Romance,0.08,3,12-02-2024
U0068,Show_NARZA,Romance,0.07,2.5,24-05-2024
U0183,Show_MPXYM,Action,5.35,1.7,05-04-2024
U0184,Show_YCZOF,Thriller,0.96,4.1,11-05-2024
U0123,Show_PFHHT,Thriller,2.19,3.9,21-03-2024
U0145,Show_QZJRS,Documentary,1.06,2.5,10-02-2024
U0038,Show_YCZOF,Comedy,8.47,1.1,12-05-2024
U0024,Show_XKFEO,Documentary,0.9,4.4,08-06-2024
U0069,Show_QOLZF,Comedy,1.68,1,04-02-2024
U0116,Show_DMYDN,Romance,6.18,3.8,22-01-2024
U0098,Show_PDRSF,Action,5.53,4.9,29-05-2024
U0198,Show_ELCVV,Romance,0.62,2.8,21-04-2024
U0139,Show_XCYAQ,Drama,4.87,1.9,11-01-2024
U0144,Show_OLNPK,Thriller,1.84,3.8,03-01-2024
U0097,Show_PAYZN,Comedy,1.98,4.3,16-05-2024
U0124,Show_PAYZN,Documentary,0.43,3.2,29-02-2024
U0187,Show_MUKQY,Action,0.25,4.9,16-03-2024
U0070,Show_MUKQY,Comedy,3.91,1.2,27-03-2024
U0093,Show_QHQYI,Documentary,2.06,3,14-01-2024
U0003,Show_TWYOR,Thriller,1.72,3.9,18-01-2024
U0148,Show_XCYAQ,Romance,3.92,4.5,22-04-2024
U0187,Show_DVSYM,Thriller,4.35,1.7,13-03-2024
U0164,Show_YEFTW,Sci-Fi,0.52,4.2,23-01-2024
U0147,Show_MTNEQ,Drama,2.83,3.2,23-03-2024
U0090,Show_JUSJS,Sci-Fi,0.44,2.6,04-05-2024
U0195,Show_MFVXR,Action,4.18,1.5,23-06-2024
U0147,Show_YLHXF,Comedy,3.21,4.5,09-03-2024
U0148,Show_IRKAL,Action,9.41,1.6,16-02-2024
U0096,Show_KGDBZ,Romance,0.21,2.2,25-04-2024
U0199,Show_WBLQN,Documentary,0.18,2.2,30-01-2024
U0052,Show_XKFEO,Thriller,0.99,4.5,25-01-2024
U0161,Show_WUUOW,Sci-Fi,0.91,3.7,04-06-2024
U0168,Show_TDPHG,Sci-Fi,0.85,4.2,21-04-2024
U0128,Show_EHGMS,Romance,7.1,2,25-01-2024
U0039,Show_ICWBZ,Sci-Fi,0.86,3.5,14-03-2024
U0082,Show_WUUOW,Romance,0.95,3.3,27-02-2024
U0104,Show_ZFHJY,Action,4.27,4.3,03-04-2024
U0129,Show_MFVXR,Thriller,1.79,4.6,28-04-2024
U0011,Show_IYQCS,Comedy,4.5,1,06-05-2024
U0185,Show_KRBDE,Documentary,0.2,3.7,17-06-2024
U0178,Show_HJVDN,Comedy,2.01,1.2,25-01-2024
U0151,Show_WJKFT,Action,0.1,3.2,18-03-2024
U0159,Show_MWPKI,Documentary,0.19,2.2,08-04-2024
U0042,Show_MFVXR,Sci-Fi,7.11,2.2,25-04-2024
U0099,Show_SZNRG,Drama,0.45,2.4,17-02-2024
U0007,Show_TWYOR,Action,2.28,3.5,10-01-2024
U0144,Show_DMYDN,Action,1.59,2.3,08-04-2024
U0090,Show_GTUXL,Thriller,1.28,3.9,11-01-2024
U0112,Show_YQTNM,Comedy,6.9,2.6,25-03-2024
U0060,Show_CKTKX,Action,0.07,1.3,28-05-2024
U0113,Show_QOLZF,Action,3.27,4.1,21-06-2024
U0002,Show_QZJRS,Sci-Fi,9.92,2.1,14-05-2024
U0129,Show_XGMJB,Sci-Fi,2.46,2.7,05-05-2024
U0048,Show_VWCLJ,Documentary,8.29,3.7,04-03-2024
U0140,Show_KGDBZ,Romance,0.16,2.3,02-01-2024
U0197,Show_VBUPC,Romance,1.63,1.2,16-03-2024
U0037,Show_LHAMR,Drama,0.9,2.5,30-04-2024
U0160,Show_HNZVN,Romance,3.94,4.8,11-02-2024
U0009,Show_NNZNG,Thriller,11.94,3.6,23-02-2024
U0099,Show_LVLGJ,Drama,0.89,3.7,15-03-2024
U0147,Show_UONCJ,Documentary,3.19,3.5,16-01-2024
U0048,Show_FUNAL,Sci-Fi,0.66,1.8,18-01-2024
U0131,Show_YCZOF,Romance,2.5,2.7,30-03-2024
U0148,Show_MHODL,Comedy,1.87,4,23-05-2024
U0152,Show_GJDSM,Sci-Fi,10.73,1.4,06-01-2024
U0054,Show_HOAGW,Thriller,2.81,2.1,17-04-2024
U0120,Show_JOKNS,Sci-Fi,1.29,2.1,23-06-2024
U0161,Show_MTNEQ,Thriller,0.36,2.7,17-02-2024
U0152,Show_WBLQN,Thriller,0.49,4.9,11-02-2024
U0116,Show_TYOQW,Thriller,0.77,1.3,16-03-2024
U0075,Show_TDPHG,Documentary,0.87,3.1,17-03-2024
U0113,Show_FBECI,Thriller,5.7,1.7,11-05-2024
U0200,Show_SUXAW,Thriller,2.47,4.9,09-05-2024
U0164,Show_WUUOW,Comedy,2.22,1.5,28-02-2024
U0166,Show_YKNMN,Drama,0.37,2.6,03-06-2024
U0104,Show_MUKQY,Action,5.9,4,27-01-2024
U0084,Show_VQZGI,Drama,3.85,3.8,19-03-2024
U0112,Show_VJBCV,Thriller,0.21,2.7,12-03-2024
U0099,Show_QCTRU,Comedy,3.69,2.4,07-01-2024
U0153,Show_TYOQW,Sci-Fi,2.35,2.6,20-04-2024
U0093,Show_KYTQN,Comedy,0.26,2.1,28-04-2024
U0146,Show_VQZGI,Thriller,1.84,1.8,22-06-2024
U0128,Show_FNKDY,Comedy,1.99,2.9,03-03-2024
U0110,Show_PAYZN,Romance,0.54,2.1,03-05-2024
U0082,Show_GJDSM,Comedy,8.74,2.1,12-01-2024
U0194,Show_MPXYM,Thriller,5.69,3.6,20-05-2024
U0054,Show_SUXAW,Documentary,3.32,4.9,12-02-2024
U0163,Show_XKFEO,Romance,1.86,3.4,17-01-2024
U0189,Show_XSNHE,Comedy,1.59,1.3,03-03-2024
U0169,Show_MYOQZ,Action,3.16,1.3,29-04-2024
U0161,Show_LVLGJ,Action,2.37,4.8,05-02-2024
U0068,Show_JUSJS,Comedy,0.19,2.2,08-01-2024
U0033,Show_VCNFE,Documentary,2.16,1.4,09-03-2024
U0142,Show_QCTRU,Sci-Fi,4.93,3.4,30-03-2024
U0021,Show_WGIOD,Thriller,1.84,3.5,05-02-2024
U0048,Show_QHQYI,Action,0.16,3.6,28-01-2024
U0148,Show_HOAGW,Sci-Fi,4.63,2.1,27-04-2024
U0128,Show_TSXWT,Comedy,0.67,1.1,02-04-2024
U0136,Show_KYTQN,Sci-Fi,0.9,4.9,23-06-2024
U0135,Show_TEBUJ,Romance,0.54,2,16-03-2024
U0195,Show_NAZZO,Drama,1.2,3.7,10-04-2024
U0145,Show_WUUOW,Action,4.24,3.8,06-06-2024
U0128,Show_XQMNJ,Comedy,2.2,3.4,30-05-2024
U0033,Show_YLHXF,Thriller,0.69,2.3,23-05-2024
U0176,Show_ELCVV,Documentary,6.31,2.1,14-01-2024
U0187,Show_EACLB,Romance,6.35,3.4,11-03-2024
U0115,Show_KRBDE,Comedy,6.13,4.5,28-06-2024
U0119,Show_VPRCK,Thriller,0.82,4.8,03-05-2024
U0022,Show_TTZBB,Documentary,1.8,1.4,04-05-2024
U0158,Show_VPRCK,Documentary,12.6,1.6,06-02-2024
U0038,Show_UXUNY,Comedy,4.44,4.8,29-01-2024
U0109,Show_TWYOR,Romance,0.08,3.9,22-05-2024
U0051,Show_PYCJI,Sci-Fi,0.2,4.5,23-06-2024
U0182,Show_GTUXL,Sci-Fi,1.87,1.8,22-06-2024
U0008,Show_FUNAL,Documentary,7.2,3.4,28-06-2024
U0027,Show_VQZGI,Sci-Fi,2.32,3.8,19-01-2024
U0027,Show_ALFMB,Drama,2.07,3.7,15-04-2024
U0021,Show_NAZZO,Documentary,0.33,2.6,21-01-2024
U0030,Show_LXVVD,Documentary,3.21,1.1,04-03-2024
U0097,Show_VCNFE,Thriller,5.18,3.3,13-06-2024
U0028,Show_QRMOJ,Sci-Fi,1.44,2,27-01-2024
U0111,Show_WGIOD,Romance,4.48,2.8,24-02-2024
U0192,Show_QUNPI,Documentary,10.01,4.8,29-01-2024
U0197,Show_STOOC,Romance,0.68,2.6,27-05-2024
U0061,Show_OPBNH,Drama,2.22,4.4,25-01-2024
U0048,Show_YCZOF,Thriller,1.02,1.8,10-03-2024
U0147,Show_KYTQN,Comedy,4.72,3.7,03-03-2024
U0004,Show_EHGMS,Romance,2.59,4.9,12-06-2024
U0035,Show_KIHHV,Documentary,3.02,1.4,09-05-2024
U0192,Show_QHQYI,Drama,4.8,1,29-05-2024
U0049,Show_PIYEL,Action,1.51,2.7,16-01-2024
U0017,Show_JPDHX,Drama,7.4,1.4,25-05-2024
U0172,Show_UTXGE,Drama,2.28,4,09-04-2024
U0158,Show_OPBNH,Thriller,0.52,4.7,30-01-2024
U0046,Show_LXVVD,Comedy,3.57,2.7,14-02-2024
U0117,Show_WRVEG,Action,4.73,2,19-01-2024
U0006,Show_OJZTM,Sci-Fi,1.14,2.7,03-02-2024
U0099,Show_CPSPQ,Sci-Fi,5.84,3.9,20-05-2024
U0124,Show_OPBNH,Romance,7.1,1,19-06-2024
U0037,Show_YEFTW,Drama,0.97,3.4,02-03-2024
U0024,Show_UONCJ,Thriller,12.32,3.5,27-04-2024
U0093,Show_JOKNS,Thriller,0.45,3.6,09-04-2024
U0046,Show_HNZVN,Sci-Fi,0.68,2,22-01-2024
U0181,Show_KYTQN,Romance,0.61,3.9,28-06-2024
U0095,Show_CTUPW,Romance,6.73,1.4,28-06-2024
U0099,Show_MFVXR,Romance,3.19,1.8,20-04-2024
U0188,Show_OPBNH,Action,0.49,4.5,12-06-2024
U0116,Show_LXVVD,Comedy,1.74,4,13-03-2024
U0191,Show_TYOQW,Action,2.87,1.1,26-05-2024
U0160,Show_HIRGO,Documentary,0.26,2,07-02-2024
U0161,Show_ZFHJY,Documentary,6.42,1.9,10-03-2024
U0067,Show_IRPOE,Comedy,4.88,2.1,25-04-2024
U0128,Show_VJBCV,Sci-Fi,2.11,2,19-03-2024
U0018,Show_FUNAL,Comedy,10.25,1.3,27-05-2024
U0025,Show_NARZA,Thriller,1.62,2.8,09-01-2024
U0054,Show_EFNZI,Documentary,12.43,3.9,01-02-2024
U0058,Show_IYQCS,Drama,3.31,3.4,11-05-2024
U0067,Show_MBKKS,Drama,3.02,3.7,19-02-2024
U0104,Show_FRDWY,Sci-Fi,0.54,1.3,22-03-2024
U0174,Show_YCZOF,Thriller,6.41,4.8,05-01-2024
U0024,Show_OPBNH,Action,1.67,4.4,27-05-2024
U0114,Show_PDRSF,Thriller,0.53,4.2,27-03-2024
U0032,Show_NHTUO,Drama,0.04,4.3,05-05-2024
U0175,Show_FRDWY,Drama,2.46,4.7,15-03-2024
U0086,Show_DBLJH,Documentary,2.25,3.2,13-06-2024
U0151,Show_GJDSM,Thriller,3.81,1.8,22-01-2024
U0194,Show_XPXYR,Thriller,6.63,3.5,08-03-2024
U0127,Show_PFGAG,Drama,0.25,4,13-02-2024
U0155,Show_TYOQW,Action,3.94,4,03-02-2024
U0130,Show_MHODL,Sci-Fi,0.62,3.1,17-03-2024
U0017,Show_PAYZN,Romance,5.86,1.3,11-02-2024
U0104,Show_XKFEO,Sci-Fi,5.13,2.5,16-05-2024
U0161,Show_JPDHX,Thriller,2.33,4.7,15-04-2024
U0137,Show_CRBAD,Sci-Fi,3.72,3.3,04-04-2024
U0043,Show_UONCJ,Drama,1.13,3.2,14-05-2024
U0176,Show_HNZVN,Drama,1.91,2.1,08-03-2024
U0039,Show_LHAMR,Thriller,5.17,2.5,26-05-2024
U0170,Show_JPDHX,Thriller,1.84,4.6,07-06-2024
U0026,Show_IRPOE,Romance,1.33,3.7,07-05-2024
U0099,Show_YLHXF,Romance,2.04,4.1,11-06-2024
U0050,Show_FUNAL,Documentary,5.29,2.8,25-03-2024
U0153,Show_KYTQN,Thriller,1.22,3.5,07-06-2024
U0152,Show_JWWNS,Action,0.57,2,23-03-2024
U0013,Show_TYOQW,Sci-Fi,3.73,3.8,04-04-2024
U0060,Show_PFHHT,Thriller,5.25,2.7,01-02-2024
U0135,Show_YCZOF,Comedy,0.32,2.8,06-03-2024
U0057,Show_FNKDY,Documentary,0.82,3.6,25-04-2024
U0036,Show_UVHDI,Comedy,0.46,4.7,17-05-2024
U0173,Show_SINZX,Drama,1.28,1.3,09-05-2024
U0020,Show_MBKKS,Romance,1.8,4.3,29-02-2024
U0065,Show_GYJDD,Sci-Fi,4.14,2.2,17-01-2024
U0008,Show_JUSJS,Thriller,3.16,2.8,05-04-2024
U0144,Show_EFNZI,Comedy,2.91,1.1,23-05-2024
U0142,Show_YKNMN,Sci-Fi,1.3,2.2,16-01-2024
U0115,Show_TTZBB,Drama,5.53,3,15-02-2024
U0143,Show_WJKFT,Romance,1.91,1.2,15-06-2024
U0092,Show_VJBCV,Action,11.6,3,07-06-2024
U0098,Show_FNKDY,Documentary,3.02,4.7,16-04-2024
U0066,Show_HNZVN,Sci-Fi,0.4,1.4,28-03-2024
U0032,Show_MBKKS,Sci-Fi,3.38,4.1,08-05-2024
U0191,Show_DOATH,Action,1.18,2.6,18-05-2024
U0086,Show_EACLB,Sci-Fi,3.48,3.6,28-04-2024
U0051,Show_NHTUO,Drama,0.22,2,25-03-2024
U0153,Show_PFHHT,Drama,0.58,1.6,04-01-2024
U0186,Show_CGKZV,Action,5.81,1.6,11-03-2024
U0063,Show_QCTRU,Documentary,0.77,1.3,02-06-2024
U0190,Show_ONNIC,Thriller,5.44,1.7,20-04-2024
U0125,Show_OJPLU,Comedy,0.98,3.7,19-02-2024
U0150,Show_QUNPI,Thriller,3.09,4.5,19-05-2024
U0058,Show_VJBCV,Sci-Fi,3.55,4.3,04-04-2024
U0058,Show_PYCJI,Comedy,2.16,3.7,01-04-2024
U0086,Show_KGDBZ,Action,1.09,1.4,05-03-2024
U0049,Show_VQZGI,Action,0.72,2.2,16-02-2024
U0180,Show_MWPKI,Documentary,0.1,2.2,15-04-2024
U0170,Show_FBECI,Comedy,1.09,2,09-05-2024
U0070,Show_OJPLU,Drama,3.18,3.1,15-04-2024
U0015,Show_FUNAL,Comedy,8.36,3.1,24-01-2024
U0054,Show_WJKFT,Sci-Fi,6.15,2.4,04-01-2024
U0188,Show_HNZVN,Drama,4.36,2.4,17-04-2024
U0101,Show_MWPKI,Romance,4.66,4.3,19-01-2024
U0008,Show_PFHHT,Romance,3.28,4.2,02-06-2024
U0053,Show_TTZBB,Romance,0.9,2.2,09-02-2024
U0060,Show_TSXWT,Action,7.13,4.7,19-02-2024
U0108,Show_HIRGO,Comedy,3.33,4.8,19-06-2024
U0005,Show_QUNPI,Romance,2.47,2.3,15-03-2024
U0103,Show_MHODL,Thriller,0.35,2.4,12-01-2024
U0196,Show_MBKKS,Documentary,1.78,3,27-01-2024
U0006,Show_XGMJB,Thriller,1.85,4.8,22-04-2024
U0109,Show_TDPHG,Romance,6,4.5,18-02-2024
U0116,Show_EHGMS,Documentary,2.37,1.4,23-05-2024
U0094,Show_DBLJH,Sci-Fi,1.44,2.6,09-05-2024
U0047,Show_QOLZF,Thriller,11.29,3.2,29-02-2024
U0099,Show_TEBUJ,Comedy,0.35,3,30-01-2024
U0055,Show_VWCLJ,Comedy,1.65,1.8,24-03-2024
U0168,Show_VQZGI,Thriller,0.13,4.4,14-06-2024
U0052,Show_UTXGE,Romance,4.04,3.7,28-01-2024
U0144,Show_XVWQL,Comedy,7.51,4.4,25-01-2024
U0013,Show_OLNPK,Sci-Fi,0.99,4.4,05-04-2024
U0114,Show_FNKDY,Drama,5.86,4,04-05-2024
U0124,Show_IRGBZ,Romance,1.04,2.8,10-01-2024
U0106,Show_KRBDE,Sci-Fi,7.25,3.4,11-02-2024
U0158,Show_EACLB,Documentary,4.21,1.6,09-02-2024
U0147,Show_JUSJS,Sci-Fi,4.9,3.7,17-03-2024
U0145,Show_EACLB,Romance,0.05,1.7,14-04-2024
U0120,Show_STOOC,Documentary,9.88,3.8,27-04-2024
U0063,Show_WBLQN,Romance,3.89,1.9,11-02-2024
U0019,Show_UTXGE,Comedy,1.09,1.5,16-02-2024
U0092,Show_XPXYR,Drama,5.31,1.7,13-06-2024
U0058,Show_CKTKX,Romance,0.99,1,22-01-2024
U0183,Show_XPXYR,Romance,6.18,3.9,16-04-2024
U0090,Show_MUKQY,Comedy,0.36,3.9,27-01-2024
U0117,Show_YCZOF,Action,3.65,3.1,10-02-2024
U0062,Show_SZNRG,Comedy,2.33,1.6,20-03-2024
U0023,Show_KRBDE,Documentary,0.3,1.3,10-06-2024
U0127,Show_ELCVV,Comedy,0.83,1.1,08-06-2024
U0137,Show_TYOQW,Comedy,0.04,1.7,29-03-2024
U0140,Show_XKFEO,Drama,1.9,4.6,06-03-2024
U0129,Show_DVSYM,Comedy,1.08,2,12-01-2024
U0058,Show_YEFTW,Romance,2.74,2.4,16-06-2024
U0122,Show_MTNEQ,Drama,1.06,1.4,13-03-2024
U0001,Show_VBUPC,Thriller,1.07,1.9,16-03-2024
U0034,Show_ELCVV,Action,4.08,3.1,30-03-2024
U0096,Show_OJPLU,Drama,0.15,3.4,10-01-2024
U0126,Show_VJBCV,Documentary,7,2,05-04-2024
U0118,Show_ONNIC,Thriller,5.74,1.2,24-06-2024
U0048,Show_ICWBZ,Drama,3.31,2.6,20-01-2024
U0089,Show_YEFTW,Drama,2.7,1.9,08-02-2024
U0117,Show_QZJRS,Action,6.69,1.9,29-02-2024
U0129,Show_VWCLJ,Romance,0.61,4.8,06-03-2024
U0016,Show_YLHXF,Documentary,0.25,3.5,05-03-2024
U0189,Show_IRPOE,Sci-Fi,0.82,3.2,27-06-2024
U0192,Show_LVLGJ,Sci-Fi,4.75,2.7,03-05-2024
U0191,Show_RQPHA,Drama,0.11,2.7,12-06-2024
U0069,Show_MYOQZ,Comedy,2.62,3.2,31-05-2024
U0022,Show_PRVCU,Documentary,16.17,3.8,03-06-2024
U0093,Show_DGWQS,Thriller,5.81,3.8,09-05-2024
U0195,Show_TEBUJ,Comedy,2.21,1.7,07-06-2024
U0076,Show_JOKNS,Comedy,0.2,3,26-02-2024
U0154,Show_GTUXL,Documentary,5.34,2.6,18-03-2024
U0144,Show_ALFMB,Romance,2.74,4.5,29-01-2024
U0179,Show_WRVEG,Drama,0.37,3.5,15-01-2024
U0086,Show_JUSJS,Drama,0.3,3.1,12-01-2024
U0185,Show_FRDWY,Drama,7.21,1.5,10-04-2024
U0029,Show_XGMJB,Drama,3.32,3.4,04-06-2024
U0069,Show_PYCJI,Sci-Fi,5.3,1.5,24-03-2024
U0047,Show_YKNMN,Drama,6.34,2.3,04-05-2024
U0094,Show_VJBCV,Sci-Fi,2.54,1.6,12-04-2024
U0190,Show_HIRGO,Sci-Fi,2.19,3.8,24-01-2024
U0197,Show_WRVEG,Romance,1.69,1.8,28-05-2024
U0144,Show_JPDHX,Drama,1.14,2.6,17-05-2024
U0176,Show_PAYZN,Action,1.71,4.6,19-04-2024
U0085,Show_WRVEG,Thriller,4.46,1.8,18-03-2024
U0039,Show_XVWQL,Comedy,2.76,3,10-04-2024
U0100,Show_LVLGJ,Sci-Fi,6.69,2.7,25-05-2024
U0033,Show_GJDSM,Documentary,1.76,1.1,21-05-2024
U0101,Show_CRBAD,Documentary,2.8,4.2,10-06-2024
U0023,Show_DUUGX,Thriller,2.99,1.3,07-05-2024
U0010,Show_NAZZO,Documentary,2.69,2.9,27-02-2024
U0069,Show_UVHDI,Action,3.64,3.2,16-03-2024
U0100,Show_XSNHE,Documentary,0.81,3.5,29-05-2024
U0034,Show_UONCJ,Comedy,2.15,3.8,05-02-2024
U0180,Show_KIHHV,Comedy,0.33,2,21-06-2024
U0138,Show_EHGMS,Sci-Fi,1.46,1,12-06-2024
U0147,Show_YKNMN,Drama,2.01,3.9,22-01-2024
U0186,Show_JWWNS,Romance,3.17,3.1,06-05-2024
U0096,Show_QHQYI,Action,9.02,4.3,20-03-2024
U0001,Show_FCOUB,Sci-Fi,2.75,4.3,09-04-2024
U0069,Show_YCZOF,Action,4.08,4.4,05-04-2024
U0004,Show_DUUGX,Drama,2.12,2.9,09-06-2024
U0016,Show_RQPHA,Documentary,3.02,2.3,21-06-2024
U0024,Show_VJBCV,Documentary,0.22,4.2,12-06-2024
U0080,Show_VWCLJ,Romance,0.88,2.8,27-05-2024
U0002,Show_XQMNJ,Drama,1.35,1.7,18-01-2024
U0128,Show_QRMOJ,Sci-Fi,1.92,4.4,07-02-2024
U0160,Show_PFGAG,Romance,0.14,4.5,30-05-2024
U0084,Show_UTXGE,Drama,0.45,2.9,18-04-2024
U0152,Show_QGWOM,Thriller,0.97,1.3,02-05-2024
U0140,Show_YQTNM,Comedy,10.68,2.6,23-05-2024
U0178,Show_HOAGW,Romance,1.21,4.2,28-05-2024
U0163,Show_YLHXF,Romance,1.97,4.6,13-04-2024
U0124,Show_TTZBB,Sci-Fi,0.65,1.8,19-05-2024
U0033,Show_UXUNY,Action,2.83,1.3,23-05-2024
U0161,Show_VWCLJ,Thriller,0.99,4.5,21-03-2024
U0189,Show_NAZZO,Sci-Fi,0.7,2.6,27-03-2024
U0179,Show_DZGKY,Drama,2.18,3.2,21-05-2024
U0171,Show_DMYDN,Drama,0.02,4.9,01-03-2024
U0101,Show_VJBCV,Drama,0.02,1.3,15-02-2024
U0012,Show_WGIOD,Drama,0.74,3.6,01-02-2024
U0067,Show_VBUPC,Action,0.11,1.3,15-01-2024
U0065,Show_JOKNS,Thriller,0.34,2.5,13-02-2024
U0161,Show_UTXGE,Documentary,1.24,4.2,24-05-2024
U0168,Show_XCYAQ,Comedy,4.87,2.7,17-06-2024
U0074,Show_QCTRU,Action,2.55,5,23-02-2024
U0043,Show_NNZNG,Action,2.16,3.2,13-02-2024
U0044,Show_IRKAL,Documentary,1.04,2.3,07-04-2024
U0029,Show_VPRCK,Documentary,8.05,1.9,05-01-2024
U0141,Show_GJDSM,Comedy,1.52,2.4,18-04-2024
U0012,Show_RQPHA,Comedy,0.27,2.5,27-01-2024
U0095,Show_ICWBZ,Documentary,2.88,1.3,25-04-2024
U0046,Show_DUUGX,Drama,0.36,2.5,27-03-2024
U0130,Show_MYOQZ,Action,1.27,2.9,13-04-2024
U0035,Show_LXVVD,Sci-Fi,2.12,3.9,02-05-2024
U0081,Show_GYJDD,Comedy,6.22,3.6,19-03-2024
U0090,Show_PDRSF,Comedy,2.04,3.8,12-02-2024
U0008,Show_UXUNY,Documentary,3.63,1,06-04-2024
U0093,Show_QHQYI,Thriller,14.81,1.9,31-01-2024
U0154,Show_UTXGE,Sci-Fi,0.42,3.6,08-04-2024
U0090,Show_HNZVN,Sci-Fi,0.96,2.9,17-01-2024
U0162,Show_IYQCS,Comedy,1.51,1,23-03-2024
U0115,Show_TDPHG,Drama,1.64,4.2,19-04-2024
U0105,Show_EVGSB,Thriller,1.59,4.1,01-02-2024
U0135,Show_ELCVV,Sci-Fi,7.15,3.2,16-06-2024
U0196,Show_VQZGI,Comedy,3.76,1.3,20-05-2024
U0058,Show_EHGMS,Sci-Fi,2.81,4.1,04-02-2024
U0114,Show_CGKZV,Romance,1.11,3.3,12-05-2024
U0075,Show_FUNAL,Thriller,5.21,4.1,29-01-2024
U0157,Show_MYOQZ,Thriller,9.31,4,10-03-2024
U0120,Show_MUKQY,Romance,5.16,4.2,01-06-2024
U0164,Show_PAYZN,Action,0,3.1,04-04-2024
U0021,Show_QHQYI,Romance,3.04,1.6,22-01-2024
U0164,Show_YCZOF,Documentary,0.16,3.7,21-06-2024
U0138,Show_SUXAW,Documentary,0.89,3.5,09-03-2024
U0101,Show_MTNEQ,Comedy,0.18,4,29-03-2024
U0152,Show_GJDSM,Thriller,2.78,1.7,12-03-2024
U0192,Show_MTNEQ,Action,3.48,1.8,08-05-2024
U0177,Show_MUKQY,Action,0.36,4.6,20-06-2024
U0099,Show_LHAMR,Sci-Fi,1.45,4,27-03-2024
U0036,Show_PYCJI,Sci-Fi,1.83,4.6,05-04-2024
U0096,Show_MCMRP,Romance,1.38,4,15-03-2024
U0152,Show_MFVXR,Action,0.39,3.4,15-06-2024
U0151,Show_DGWQS,Romance,1.63,3.6,23-02-2024
U0190,Show_VQZGI,Romance,4.17,4.6,28-03-2024
U0037,Show_RQPHA,Sci-Fi,0.22,3.3,05-06-2024
U0012,Show_FNKDY,Thriller,0.25,3.5,23-02-2024
U0113,Show_MWPKI,Romance,1.31,1.6,16-01-2024
U0183,Show_ALFMB,Drama,8.53,2.9,08-04-2024
U0013,Show_UONCJ,Thriller,3.31,3.9,20-01-2024
U0023,Show_KIHHV,Action,3.41,2.1,15-02-2024
U0099,Show_DVSYM,Action,1.35,1.8,06-05-2024
U0105,Show_NARZA,Romance,2.7,2.3,27-02-2024
U0030,Show_STOOC,Thriller,0.03,2,20-04-2024
U0017,Show_MUKQY,Sci-Fi,3.03,1.9,08-05-2024
U0113,Show_MWPKI,Sci-Fi,7.34,2.7,21-03-2024
U0062,Show_YEFTW,Documentary,2.84,4.6,05-06-2024
U0084,Show_EFNZI,Action,6.21,3,24-03-2024
U0112,Show_DGWQS,Comedy,3.86,1.8,10-03-2024
U0086,Show_TEBUJ,Documentary,0.39,1.3,08-01-2024
U0141,Show_EHGMS,Sci-Fi,6.98,3.8,29-01-2024
U0187,Show_WRVEG,Thriller,0.21,2.5,21-04-2024
U0019,Show_IYQCS,Sci-Fi,2.29,4.3,27-06-2024
U0177,Show_DUUGX,Thriller,0.46,3.6,09-06-2024
U0100,Show_EHGMS,Documentary,0.04,4.2,10-05-2024
U0140,Show_RQPHA,Action,1.64,2.1,11-06-2024
U0189,Show_XSNHE,Sci-Fi,1.05,3.8,17-04-2024
U0147,Show_QHQYI,Romance,2,2.1,18-04-2024
U0076,Show_CRBAD,Thriller,2.58,4.8,20-01-2024
U0009,Show_WGIOD,Action,0.13,3.5,13-03-2024
U0199,Show_XSNHE,Comedy,0.39,2.3,15-06-2024
U0028,Show_XSNHE,Thriller,2.45,2.1,04-01-2024
U0128,Show_GJDSM,Documentary,1.26,1.8,19-01-2024
U0052,Show_UXUNY,Comedy,3.92,3.8,11-04-2024
U0083,Show_TYOQW,Comedy,3.17,1.9,21-06-2024
U0111,Show_HJVDN,Drama,5.6,3.4,19-06-2024
U0144,Show_CTUPW,Sci-Fi,3.54,2.1,20-05-2024
U0117,Show_TWYOR,Thriller,1.69,3.6,20-05-2024
U0069,Show_MFVXR,Comedy,3.35,4.3,26-03-2024
U0099,Show_QGWOM,Drama,0.97,4.1,21-02-2024
U0140,Show_NAZZO,Documentary,1.1,4,20-04-2024
U0025,Show_MCMRP,Action,4.67,1.8,18-04-2024
U0180,Show_TSXWT,Romance,1.77,1.4,26-03-2024
U0123,Show_SINZX,Romance,4.8,3.8,12-02-2024
U0053,Show_JPDHX,Thriller,5.19,2.5,11-02-2024
U0151,Show_FBECI,Comedy,5.85,2.7,30-03-2024
U0144,Show_GTUXL,Romance,7.45,1.1,24-04-2024
U0057,Show_PRVCU,Sci-Fi,1.69,2,26-01-2024
U0039,Show_FUNAL,Romance,1.15,1.1,30-05-2024
U0109,Show_IRPOE,Romance,2.62,4.5,12-02-2024
U0181,Show_DZGKY,Romance,1.39,2,17-03-2024
U0042,Show_RQPHA,Drama,2.76,3.2,04-06-2024
U0186,Show_ICWBZ,Comedy,3.67,1.2,16-05-2024
U0167,Show_XPXYR,Sci-Fi,3.5,3.7,20-01-2024
U0142,Show_FBECI,Comedy,1.41,2.3,08-02-2024
U0122,Show_PRVCU,Thriller,0.55,4.6,27-06-2024
U0133,Show_PYCJI,Thriller,1.69,4.6,12-01-2024
U0163,Show_OPBNH,Thriller,0.46,2.3,11-01-2024
U0075,Show_CTUPW,Documentary,6.62,4.6,02-06-2024
U0146,Show_UXUNY,Romance,1.27,5,11-02-2024
U0076,Show_JUSJS,Documentary,0.5,4.3,03-06-2024
U0009,Show_QCTRU,Drama,0.08,4.4,11-01-2024
U0074,Show_FNKDY,Thriller,3.11,2,07-02-2024
U0186,Show_LHAMR,Sci-Fi,3.04,3.3,07-04-2024
U0145,Show_XKFEO,Comedy,1.25,1.3,19-06-2024
U0007,Show_ICWBZ,Romance,0.22,1.4,19-01-2024
U0174,Show_IYQCS,Action,1.58,5,13-05-2024
U0141,Show_MGZUS,Sci-Fi,1.12,2.3,22-06-2024
U0168,Show_QUNPI,Romance,3.39,4,25-04-2024
U0170,Show_EFNZI,Documentary,2.79,4.2,22-04-2024
U0137,Show_PFHHT,Documentary,1.36,4.4,18-06-2024
U0178,Show_OLNPK,Sci-Fi,0.74,5,05-03-2024
U0027,Show_SUXAW,Documentary,13.28,2,08-04-2024
U0122,Show_WRVEG,Thriller,1.82,1.2,12-03-2024
U0194,Show_VJBCV,Drama,3.5,2.6,21-02-2024
U0005,Show_FBECI,Comedy,0.45,1.5,27-04-2024
U0029,Show_UONCJ,Drama,1.99,1.1,23-06-2024
U0165,Show_MGZUS,Romance,0.08,2.4,29-04-2024
U0166,Show_QRMOJ,Comedy,2.11,4.1,07-01-2024
U0083,Show_KGDBZ,Comedy,9.97,3.3,11-01-2024
U0136,Show_NAZZO,Drama,1.45,2.3,12-04-2024
U0109,Show_KRBDE,Sci-Fi,0.12,3.6,01-03-2024
U0065,Show_HJVDN,Comedy,0.09,1.9,08-03-2024
U0086,Show_ICWBZ,Drama,1.47,1.1,01-06-2024
U0145,Show_MPXYM,Comedy,0.52,4.1,19-05-2024
U0071,Show_PYCJI,Action,0.07,3.5,02-06-2024
U0045,Show_QHQYI,Sci-Fi,4.23,4,11-04-2024
U0132,Show_CPSPQ,Thriller,1.84,1.2,19-04-2024
U0036,Show_DUUGX,Comedy,1.02,4.3,19-05-2024
U0070,Show_QHQYI,Action,6.91,3.5,19-06-2024
U0159,Show_XKFEO,Thriller,0.37,3.3,20-02-2024
U0019,Show_MBKKS,Thriller,9.37,3.5,26-04-2024
U0189,Show_GYJDD,Romance,1.13,4.5,13-06-2024
U0108,Show_DBLJH,Comedy,6.58,3.3,15-02-2024
U0182,Show_LXVVD,Drama,2.77,3.3,22-02-2024
U0167,Show_UXUNY,Comedy,5.26,5,28-03-2024
U0091,Show_WBLQN,Action,12.41,4,30-04-2024
U0090,Show_QHQYI,Thriller,1.02,2.8,13-01-2024
U0019,Show_UTXGE,Comedy,9.74,3.8,29-03-2024
U0039,Show_JOKNS,Drama,1.48,2.6,04-05-2024
U0126,Show_EACLB,Romance,1.46,1.9,27-04-2024
U0195,Show_XVWQL,Comedy,1.25,3.4,23-02-2024
U0173,Show_KEOWK,Sci-Fi,2.34,4.7,25-04-2024
U0141,Show_WGIOD,Romance,0.5,4.7,27-04-2024
U0126,Show_EACLB,Drama,2.42,2.4,04-01-2024
U0058,Show_LVLGJ,Action,2.34,3.1,15-03-2024
U0148,Show_PAYZN,Thriller,4.31,1.8,18-02-2024
U0200,Show_IRGBZ,Comedy,5.38,5,07-01-2024
U0061,Show_KGDBZ,Drama,1.74,4.9,19-04-2024
U0127,Show_JPDHX,Romance,1.08,3.6,01-05-2024
U0105,Show_PYCJI,Sci-Fi,0.9,4.2,11-01-2024
U0167,Show_VJBCV,Drama,0.65,3.9,01-04-2024
U0001,Show_NHTUO,Documentary,0.18,3.4,21-06-2024
U0131,Show_KRBDE,Sci-Fi,1.26,1.2,23-01-2024
U0092,Show_OLNPK,Romance,0.95,2.8,28-01-2024
U0190,Show_IRPOE,Action,10.18,3.7,20-04-2024
U0191,Show_TEBUJ,Thriller,2.45,3.7,26-02-2024
U0113,Show_MCMRP,Romance,1.28,2.5,26-01-2024
U0153,Show_DGWQS,Action,2.61,4.8,01-06-2024
U0056,Show_PFGAG,Comedy,0.45,1.7,23-02-2024
U0161,Show_PYCJI,Drama,1.76,3,29-01-2024
U0166,Show_VBUPC,Documentary,2.95,3.8,06-04-2024
U0117,Show_UVHDI,Sci-Fi,2.01,3.8,12-06-2024
U0134,Show_UXUNY,Sci-Fi,1.54,3.6,14-01-2024
U0058,Show_XVWQL,Drama,15.27,2.1,18-03-2024
U0044,Show_NNZNG,Documentary,6.37,1.6,04-02-2024
U0173,Show_ALFMB,Drama,2.93,3.5,30-01-2024
U0160,Show_DGWQS,Comedy,2.53,3.4,01-04-2024
U0173,Show_GTUXL,Action,2.91,1.7,17-01-2024
U0061,Show_SZNRG,Romance,0.67,3.8,06-06-2024
U0047,Show_PDRSF,Sci-Fi,1.51,2.8,02-04-2024
U0149,Show_RQPHA,Comedy,0.12,3.7,21-06-2024
U0080,Show_SINZX,Action,1.94,4.3,19-03-2024
U0118,Show_VWCLJ,Comedy,2.35,1.7,19-04-2024
U0164,Show_TWYOR,Documentary,0.78,1.1,27-06-2024
U0147,Show_GJDSM,Sci-Fi,9.98,4.1,11-04-2024
U0020,Show_WUUOW,Romance,7.21,3.4,15-04-2024
U0185,Show_FNKDY,Drama,3.84,3.8,16-02-2024
U0146,Show_VJBCV,Drama,2.29,4.4,04-03-2024
U0047,Show_GTUXL,Action,6.12,4.2,14-06-2024
U0049,Show_MCMRP,Romance,0.42,4.8,04-03-2024
U0014,Show_MPXYM,Thriller,4.69,3.1,27-03-2024
U0143,Show_XGMJB,Documentary,0.4,3,07-01-2024
U0159,Show_LHAMR,Action,4.74,2.6,22-01-2024
U0001,Show_JWWNS,Thriller,0.97,1.6,21-03-2024
U0117,Show_NHTUO,Comedy,6.29,3.3,17-06-2024
U0054,Show_JOKNS,Documentary,8.65,2.1,14-03-2024
U0118,Show_NAZZO,Comedy,0.48,4.7,17-05-2024
U0003,Show_ZFHJY,Romance,1.86,3.3,14-05-2024
U0144,Show_KRBDE,Sci-Fi,11.89,3.4,04-05-2024
U0185,Show_STOOC,Documentary,1.98,2.4,19-02-2024
U0012,Show_DBLJH,Thriller,5.98,1.2,21-02-2024
U0074,Show_DUUGX,Sci-Fi,2.67,1.1,09-06-2024
U0016,Show_QGWOM,Drama,1.41,2.7,01-01-2024
U0200,Show_GTUXL,Thriller,1.01,1.3,10-06-2024
U0102,Show_CRBAD,Action,0.68,3.4,04-01-2024
U0152,Show_FNKDY,Drama,4.3,4.5,24-05-2024
U0156,Show_DGWQS,Drama,1.47,4.5,11-05-2024
U0117,Show_QGWOM,Action,2.15,3.6,19-06-2024
U0008,Show_TTZBB,Documentary,2.03,1.8,04-01-2024
U0122,Show_FRDWY,Drama,2.58,4.5,01-01-2024
U0092,Show_ONNIC,Romance,6.02,4.5,11-03-2024
U0164,Show_ZFHJY,Thriller,11.85,1.8,26-06-2024
U0090,Show_ZFHJY,Sci-Fi,1.57,3.9,04-02-2024
U0136,Show_PFGAG,Drama,5.27,2.1,08-01-2024
U0186,Show_MBKKS,Thriller,4.34,4.2,31-05-2024
U0060,Show_HIRGO,Comedy,2.56,5,05-02-2024
U0178,Show_DGWQS,Thriller,9.37,1.1,26-06-2024
U0028,Show_MCMRP,Sci-Fi,0.67,4.6,02-05-2024
U0101,Show_TDPHG,Thriller,0.35,3.5,12-02-2024
U0041,Show_TEBUJ,Action,5.77,4.9,27-01-2024
U0192,Show_YCZOF,Sci-Fi,1.73,2.9,01-02-2024
U0155,Show_IYQCS,Documentary,5.63,4.4,18-03-2024
U0191,Show_LHAMR,Comedy,6.71,1.2,30-04-2024
U0145,Show_NHTUO,Action,0.19,2.3,25-05-2024
U0161,Show_IYQCS,Documentary,6.45,1.3,04-06-2024
U0157,Show_WGIOD,Thriller,1.78,4.9,05-06-2024
U0141,Show_GTUXL,Sci-Fi,2.14,4.3,16-01-2024
U0046,Show_QCTRU,Comedy,2.96,4.4,08-04-2024
U0035,Show_DBLJH,Action,7.83,4.8,16-02-2024
U0134,Show_NARZA,Documentary,0.06,1.3,31-01-2024
U0082,Show_GTUXL,Documentary,1.94,2.5,04-01-2024
U0115,Show_MWPKI,Comedy,3.49,1.3,13-06-2024
U0197,Show_GYJDD,Romance,3.85,1.8,17-01-2024
U0047,Show_FRDWY,Thriller,3.54,1.9,08-02-2024
U0153,Show_NAZZO,Comedy,0.43,2.9,17-02-2024
U0194,Show_UVHDI,Documentary,1.07,2.1,22-06-2024
U0010,Show_OJZTM,Drama,1.33,1.4,24-06-2024
U0056,Show_QZJRS,Action,4.9,1.7,08-02-2024
U0030,Show_CGKZV,Comedy,0.98,1.6,11-05-2024
U0109,Show_IRPOE,Romance,0.71,4.9,30-01-2024
U0005,Show_OPBNH,Documentary,9.47,4,06-06-2024
U0119,Show_SINZX,Thriller,0.03,4.9,22-01-2024
U0033,Show_PDRSF,Documentary,18.39,2.8,06-03-2024
U0118,Show_XVWQL,Thriller,3.39,2.1,17-04-2024
U0065,Show_XGMJB,Comedy,5.29,4.2,12-01-2024
U0146,Show_FRDWY,Thriller,1.05,2.3,05-02-2024
U0177,Show_JPDHX,Sci-Fi,0.04,2.2,18-01-2024
U0011,Show_QOLZF,Sci-Fi,4.02,1.9,30-03-2024
U0085,Show_PFGAG,Sci-Fi,5.39,1.5,01-01-2024
U0026,Show_IYQCS,Romance,4.05,2,06-05-2024
U0063,Show_VWCLJ,Romance,0.46,2.4,30-03-2024
U0086,Show_NAZZO,Drama,4.2,3.7,27-03-2024
U0059,Show_IRGBZ,Romance,4.4,1.3,30-03-2024
U0027,Show_CGKZV,Comedy,3.22,1.8,13-05-2024
U0177,Show_MYOQZ,Documentary,4.36,4.2,10-03-2024
U0161,Show_YKNMN,Documentary,5.61,1.6,13-02-2024
U0098,Show_KEOWK,Drama,2.85,2.4,31-05-2024
U0105,Show_XSNHE,Romance,0.28,4.5,26-03-2024
U0099,Show_MPXYM,Thriller,2.01,1.6,19-01-2024
U0129,Show_OPBNH,Drama,0.24,1.3,10-04-2024
U0149,Show_QUNPI,Thriller,1.57,2.9,25-05-2024
U0055,Show_QOLZF,Thriller,1.57,2.2,04-04-2024
U0006,Show_ICWBZ,Action,0.2,3.3,10-04-2024
U0197,Show_PYCJI,Documentary,1.29,4.2,30-01-2024
U0095,Show_VWCLJ,Sci-Fi,0.35,1.5,18-06-2024
U0133,Show_CTUPW,Romance,4.95,3.3,02-02-2024
U0102,Show_FBECI,Thriller,8.85,3,12-01-2024
U0003,Show_TWYOR,Action,0.23,1.6,27-04-2024
U0181,Show_QRMOJ,Documentary,9.31,3.5,03-04-2024
U0023,Show_MCMRP,Sci-Fi,2.22,2.1,03-06-2024
U0053,Show_NARZA,Thriller,1.07,3,15-06-2024
U0165,Show_KYTQN,Thriller,0.24,1.3,16-05-2024
U0083,Show_TDPHG,Drama,2.08,2.8,28-05-2024
U0145,Show_QUNPI,Drama,4.75,2.2,16-03-2024
U0085,Show_MTNEQ,Documentary,3.68,4.3,29-01-2024
U0078,Show_IYQCS,Sci-Fi,0.15,1.2,09-06-2024
U0110,Show_MUSQM,Thriller,0.23,2.7,26-04-2024
U0001,Show_RQPHA,Documentary,1.55,2.8,15-01-2024
U0051,Show_NAZZO,Documentary,1.05,3.9,02-01-2024
U0173,Show_LXVVD,Comedy,0.79,3.3,28-06-2024
U0004,Show_VCNFE,Romance,0.99,3.7,26-04-2024
U0190,Show_JWWNS,Drama,4.88,4.1,20-06-2024
U0193,Show_PYCJI,Sci-Fi,7.94,4.4,18-01-2024
U0113,Show_KGDBZ,Thriller,1.56,2.3,03-01-2024
U0032,Show_YEFTW,Documentary,7.1,3.2,14-05-2024
U0034,Show_NHTUO,Thriller,1.16,4.4,19-06-2024
U0092,Show_KYTQN,Comedy,1.94,5,14-06-2024
U0095,Show_VQZGI,Sci-Fi,0.77,4.6,13-06-2024
U0072,Show_WGIOD,Documentary,3.07,2.5,09-06-2024
U0039,Show_PAYZN,Thriller,11.59,1.8,17-04-2024
U0154,Show_DUUGX,Drama,2.78,3,04-04-2024
U0162,Show_YKNMN,Romance,1.33,4,01-05-2024
U0182,Show_JUSJS,Comedy,3.13,3,11-01-2024
U0118,Show_EHGMS,Sci-Fi,0.39,2.9,08-03-2024
U0003,Show_RQPHA,Comedy,6.59,4.4,02-05-2024
U0123,Show_QCTRU,Drama,2.1,2.4,22-04-2024
U0050,Show_WUUOW,Sci-Fi,1.79,4.4,07-04-2024
U0012,Show_HOAGW,Comedy,2.64,2.6,02-04-2024
U0193,Show_LHAMR,Action,2.94,2.3,22-01-2024
U0054,Show_SINZX,Drama,0.22,2.8,20-06-2024
U0133,Show_XGMJB,Drama,3.44,4,06-05-2024
U0057,Show_IRKAL,Drama,0.83,1.5,13-05-2024
U0145,Show_QZJRS,Action,3.75,1.8,18-06-2024
U0112,Show_QZJRS,Action,5.19,4.8,25-01-2024
U0047,Show_VQZGI,Thriller,4.89,1.7,25-03-2024
U0151,Show_XKFEO,Documentary,2.41,3.3,24-02-2024
U0085,Show_VJBCV,Romance,2.2,3.3,23-05-2024
U0142,Show_OPBNH,Comedy,0.46,3,04-04-2024
U0066,Show_LVLGJ,Thriller,4.48,3.6,21-05-2024
U0075,Show_DGWQS,Comedy,0.95,1.9,15-06-2024
U0179,Show_YEFTW,Romance,2.06,3.2,04-06-2024
U0103,Show_LHAMR,Documentary,1,2.5,27-06-2024
U0166,Show_CTUPW,Action,0.43,3.6,28-04-2024
U0192,Show_VBUPC,Documentary,2.98,1.6,25-06-2024
U0038,Show_TSXWT,Action,0.17,3.3,09-01-2024
U0050,Show_DOATH,Romance,4.14,1.7,21-06-2024
U0098,Show_KRBDE,Documentary,1.15,2.1,29-05-2024
U0082,Show_IYQCS,Thriller,0,1.9,08-06-2024
U0030,Show_UXUNY,Sci-Fi,2.15,1.7,11-02-2024
U0079,Show_QUNPI,Thriller,0.14,4.3,22-02-2024
U0091,Show_SINZX,Comedy,0.97,2.1,14-03-2024
U0179,Show_MBKKS,Thriller,3.68,4.7,08-02-2024
U0191,Show_DGWQS,Romance,0.19,4.9,01-05-2024
U0052,Show_DZGKY,Drama,5.49,3.3,15-01-2024
U0166,Show_ZFHJY,Comedy,0.01,1.6,05-06-2024
U0079,Show_XGMJB,Documentary,0.85,2.5,02-05-2024
U0030,Show_MWPKI,Comedy,4.05,4.2,20-04-2024
U0106,Show_HJVDN,Sci-Fi,1.14,2.5,10-05-2024
U0051,Show_XSNHE,Action,0.32,1.3,23-03-2024
U0081,Show_QOLZF,Documentary,1.34,3.2,10-01-2024
U0133,Show_XVWQL,Comedy,0.95,4.4,01-04-2024
U0029,Show_FBECI,Documentary,5.55,4.2,29-01-2024
U0132,Show_RQPHA,Documentary,1.13,1.7,04-02-2024
U0138,Show_MTNEQ,Documentary,4.67,3.7,06-01-2024
U0184,Show_CPSPQ,Action,6.67,1.9,19-05-2024
U0145,Show_NARZA,Romance,1.71,1.9,20-04-2024
U0074,Show_OJPLU,Thriller,7.22,4.5,07-02-2024
U0017,Show_HNZVN,Documentary,1.42,2,17-03-2024
U0084,Show_YCZOF,Drama,9.98,2.1,02-04-2024
U0069,Show_LVLGJ,Romance,0.28,1,26-05-2024
U0034,Show_OJPLU,Sci-Fi,3.48,4.5,07-03-2024
U0006,Show_NAZZO,Action,2.04,4.2,15-05-2024
U0053,Show_RQPHA,Comedy,1.47,3.5,08-01-2024
U0194,Show_DMYDN,Action,3,4,01-05-2024
U0126,Show_QGWOM,Comedy,3.65,1.6,24-03-2024
U0043,Show_LVLGJ,Action,0.01,2.8,23-06-2024
U0115,Show_KEOWK,Comedy,0.55,2.4,11-05-2024
U0111,Show_GJDSM,Documentary,3.75,1.4,27-06-2024
U0151,Show_NAZZO,Thriller,3.29,2.9,25-03-2024
U0183,Show_QZJRS,Comedy,10.15,4.7,14-02-2024
U0080,Show_MTNEQ,Comedy,4.29,1.2,15-05-2024
U0095,Show_PYCJI,Drama,9.03,2.2,27-03-2024
U0118,Show_RQPHA,Comedy,3.64,1.8,16-01-2024
U0144,Show_QUNPI,Drama,1.06,2,17-03-2024
U0008,Show_KEOWK,Sci-Fi,0.33,4.6,09-01-2024
U0132,Show_YLHXF,Documentary,4.57,2.9,29-02-2024
U0104,Show_KGDBZ,Drama,3.1,2.9,18-03-2024
U0132,Show_QZJRS,Thriller,0.15,4,17-03-2024
U0184,Show_IRGBZ,Romance,1.34,1.6,11-03-2024
U0025,Show_WUUOW,Documentary,9.43,2.9,15-01-2024
U0195,Show_PFGAG,Drama,2.08,2.7,11-03-2024
U0096,Show_QRMOJ,Documentary,1.7,3.4,11-04-2024
U0195,Show_VWCLJ,Documentary,1.84,5,17-06-2024
U0155,Show_SZNRG,Documentary,0.7,4.1,22-01-2024
U0093,Show_IRGBZ,Sci-Fi,1.38,2.6,31-05-2024
U0160,Show_MUSQM,Thriller,1.39,4.3,22-04-2024
U0178,Show_PIYEL,Action,0.16,1.7,20-06-2024
U0061,Show_DVSYM,Action,4.38,1.1,01-01-2024
U0122,Show_MUSQM,Drama,1.62,1.8,10-01-2024
U0051,Show_WRVEG,Documentary,5.18,2.4,19-04-2024
U0147,Show_JPDHX,Drama,5.7,3,22-04-2024
U0021,Show_GJDSM,Sci-Fi,0.71,3.5,19-02-2024
U0005,Show_PDRSF,Sci-Fi,3.21,4.6,12-01-2024
U0092,Show_HIRGO,Comedy,1.92,3,29-03-2024
U0170,Show_IYQCS,Sci-Fi,6.36,3,02-06-2024
U0061,Show_NHTUO,Comedy,0.73,1.2,21-04-2024
U0022,Show_PAYZN,Thriller,3.4,1.1,18-03-2024
U0149,Show_FCOUB,Drama,2.81,3.2,17-06-2024
U0070,Show_OJPLU,Romance,1.05,2.8,12-06-2024
U0001,Show_NARZA,Thriller,0.44,4.4,30-04-2024
U0133,Show_GJDSM,Sci-Fi,3.16,1.6,23-01-2024
U0012,Show_RQPHA,Thriller,4.03,1.1,19-06-2024
U0090,Show_GJDSM,Thriller,1.14,2.8,13-05-2024
U0046,Show_VPRCK,Thriller,3.11,1.9,19-06-2024
U0034,Show_MUSQM,Sci-Fi,1.51,1.2,25-01-2024
U0177,Show_DUUGX,Romance,3.75,3.9,18-01-2024
U0078,Show_STOOC,Documentary,0.67,1.4,20-05-2024
U0045,Show_IRKAL,Thriller,6.63,3.4,12-02-2024
U0155,Show_QUNPI,Comedy,1.02,2.1,18-03-2024
U0073,Show_XPXYR,Sci-Fi,1.38,1.7,28-01-2024
U0026,Show_MGZUS,Thriller,0.18,2.5,25-05-2024
U0047,Show_GJDSM,Romance,0.35,4.2,28-02-2024
U0121,Show_HNZVN,Documentary,2.18,2.6,03-03-2024
U0056,Show_WJKFT,Sci-Fi,0.93,4,01-04-2024
U0094,Show_PYCJI,Action,5.41,1.5,27-06-2024
U0107,Show_PYCJI,Documentary,0.04,4.1,25-02-2024
U0063,Show_IRGBZ,Comedy,1.43,1.9,03-06-2024
U0048,Show_HOAGW,Thriller,1.23,3.7,08-06-2024
U0061,Show_ZFHJY,Romance,0.06,3.3,20-04-2024
U0081,Show_EHGMS,Action,0.4,4.7,16-05-2024
U0026,Show_PDRSF,Romance,1.6,2.5,08-03-2024
U0036,Show_HJVDN,Action,2.04,1.3,15-02-2024
U0001,Show_MYOQZ,Sci-Fi,1.55,1.1,07-03-2024
U0008,Show_QGWOM,Action,2.27,4.3,02-06-2024
U0113,Show_YQTNM,Comedy,2.71,3.1,15-05-2024
U0099,Show_KYTQN,Comedy,0.03,4.1,06-01-2024
U0180,Show_XCYAQ,Drama,1.87,1.9,24-01-2024
U0047,Show_YLHXF,Comedy,9.93,2.4,24-06-2024
U0127,Show_SZNRG,Documentary,2.2,1.1,03-04-2024
U0056,Show_EACLB,Action,3.4,4.8,21-06-2024
U0014,Show_QZJRS,Comedy,1.12,3.7,13-01-2024
U0028,Show_EHGMS,Sci-Fi,4.46,4.7,25-01-2024
U0078,Show_PDRSF,Romance,4.45,2.1,27-05-2024
U0130,Show_FCOUB,Romance,2.21,3.4,27-04-2024
U0109,Show_PAYZN,Drama,11.19,3.7,22-03-2024
U0154,Show_NNZNG,Romance,0.4,2.3,20-04-2024
U0014,Show_WBLQN,Action,0.05,4.4,22-03-2024
U0187,Show_QGWOM,Drama,4.41,4.8,06-03-2024
U0056,Show_GYJDD,Action,4.94,4.5,14-02-2024
U0115,Show_MBKKS,Sci-Fi,0.38,4,23-04-2024
U0007,Show_EHGMS,Drama,0.93,2.1,23-06-2024
U0003,Show_MYOQZ,Thriller,0.05,2.1,03-03-2024
U0111,Show_FRDWY,Documentary,1.04,4.9,16-03-2024
U0151,Show_MCMRP,Documentary,4.45,1,23-04-2024
U0107,Show_NNZNG,Action,2.19,3.9,20-04-2024
U0018,Show_KRBDE,Romance,1.28,3.8,26-05-2024
U0038,Show_YQTNM,Thriller,1.39,3.5,04-02-2024
U0115,Show_ELCVV,Drama,0,5,22-02-2024
U0015,Show_MHODL,Thriller,1.07,2.2,26-01-2024
U0192,Show_MUSQM,Thriller,3.12,2.4,14-01-2024
U0119,Show_NHTUO,Romance,10.97,1.3,27-04-2024
U0028,Show_ICWBZ,Drama,5.63,2.8,14-02-2024
U0039,Show_MCMRP,Sci-Fi,0.07,2,20-06-2024
U0185,Show_CRBAD,Romance,6.86,2.4,20-02-2024
U0017,Show_HIRGO,Thriller,4.59,4.3,19-06-2024
U0086,Show_ZFHJY,Thriller,4.55,4.7,28-04-2024
U0126,Show_TDPHG,Sci-Fi,1.84,1.7,30-05-2024
U0044,Show_XCYAQ,Thriller,1.52,2.5,19-01-2024
U0025,Show_LHAMR,Thriller,1.08,4.7,22-03-2024
U0145,Show_CPSPQ,Thriller,0.2,1.2,16-03-2024
U0013,Show_UXUNY,Documentary,0.78,1.4,01-04-2024
U0025,Show_MFVXR,Romance,0.85,1.7,02-02-2024
U0068,Show_OLNPK,Comedy,1.99,3.4,26-05-2024
U0138,Show_RQPHA,Romance,4.13,1.6,28-01-2024
U0067,Show_SZNRG,Sci-Fi,1.93,4.9,02-05-2024
U0109,Show_EVGSB,Thriller,0.18,2.8,28-06-2024
U0146,Show_QUNPI,Romance,9.5,3,05-05-2024
U0111,Show_DUUGX,Documentary,8.58,2,25-06-2024
U0111,Show_TSXWT,Sci-Fi,4.61,2.9,06-02-2024
U0034,Show_CKTKX,Action,14.24,3.6,02-06-2024
U0111,Show_QRMOJ,Romance,2.36,4,08-04-2024
U0008,Show_EFNZI,Action,9.87,4,07-04-2024
